<?xml version="1.0" encoding="UTF-8"?>
<project-private xmlns="http://www.netbeans.org/ns/project-private/1">
    <editor-bookmarks xmlns="http://www.netbeans.org/ns/editor-bookmarks/2" lastBookmarkId="0"/>
    <open-files xmlns="http://www.netbeans.org/ns/projectui-open-files/2">
        <group>
            <file>file:/D:/DoAn_Java/QuanLyKhachSan_HTTNguyen_0302/QuanLyKhachSan_Nhat_Tan/QuanLyKhachSan_HTTNguyen_0302/src/quanlykhachsan/GUI_qlks.java</file>
            <file>file:/D:/DoAn_Java/QuanLyKhachSan_HTTNguyen_0302/QuanLyKhachSan_Nhat_Tan/QuanLyKhachSan_HTTNguyen_0302/src/quanlykhachsan/Khachsan.java</file>
            <file>file:/D:/DoAn_Java/QuanLyKhachSan_HTTNguyen_0302/QuanLyKhachSan_Nhat_Tan/QuanLyKhachSan_HTTNguyen_0302/src/quanlykhachsan/Nguoi.java</file>
            <file>file:/D:/DoAn_Java/QuanLyKhachSan_HTTNguyen_0302/QuanLyKhachSan_Nhat_Tan/QuanLyKhachSan_HTTNguyen_0302/src/quanlykhachsan/Phong.java</file>
        </group>
    </open-files>
</project-private>
